round,group,model,server_type,grad_mode,send_mode,acc,duration_s,iid,Device Type
1,classical,classical,fedavg,classical,classical,0.9344,66.923,iid,mix
1,hybrid,hybrid,fedavg,classical,classical,0.3236,66.923,iid,mix
1,quantum,quantum,fedavg,classical,classical,0.3667,66.923,iid,mix
2,classical,classical,fedavg,classical,classical,0.9669,66.323,iid,mix
2,hybrid,hybrid,fedavg,classical,classical,0.5774,66.323,iid,mix
2,quantum,quantum,fedavg,classical,classical,0.4791,66.323,iid,mix
3,classical,classical,fedavg,classical,classical,0.973,66.711,iid,mix
3,hybrid,hybrid,fedavg,classical,classical,0.793,66.711,iid,mix
3,quantum,quantum,fedavg,classical,classical,0.5444,66.711,iid,mix
4,classical,classical,fedavg,classical,classical,0.9784,68.918,iid,mix
4,hybrid,hybrid,fedavg,classical,classical,0.8856,68.918,iid,mix
4,quantum,quantum,fedavg,classical,classical,0.5765,68.918,iid,mix
5,classical,classical,fedavg,classical,classical,0.9809,66.476,iid,mix
5,hybrid,hybrid,fedavg,classical,classical,0.9228,66.476,iid,mix
5,quantum,quantum,fedavg,classical,classical,0.5985,66.476,iid,mix
6,classical,classical,fedavg,classical,classical,0.9809,66.347,iid,mix
6,hybrid,hybrid,fedavg,classical,classical,0.9313,66.347,iid,mix
6,quantum,quantum,fedavg,classical,classical,0.6134,66.347,iid,mix
7,classical,classical,fedavg,classical,classical,0.9813,66.392,iid,mix
7,hybrid,hybrid,fedavg,classical,classical,0.9381,66.392,iid,mix
7,quantum,quantum,fedavg,classical,classical,0.6311,66.392,iid,mix
8,classical,classical,fedavg,classical,classical,0.9843,66.483,iid,mix
8,hybrid,hybrid,fedavg,classical,classical,0.9408,66.483,iid,mix
8,quantum,quantum,fedavg,classical,classical,0.6421,66.483,iid,mix
9,classical,classical,fedavg,classical,classical,0.9843,66.773,iid,mix
9,hybrid,hybrid,fedavg,classical,classical,0.9442,66.773,iid,mix
9,quantum,quantum,fedavg,classical,classical,0.6528,66.773,iid,mix
10,classical,classical,fedavg,classical,classical,0.985,66.759,iid,mix
10,hybrid,hybrid,fedavg,classical,classical,0.9461,66.759,iid,mix
10,quantum,quantum,fedavg,classical,classical,0.6615,66.759,iid,mix
11,classical,classical,fedavg,classical,classical,0.9861,65.999,iid,mix
11,hybrid,hybrid,fedavg,classical,classical,0.9482,65.999,iid,mix
11,quantum,quantum,fedavg,classical,classical,0.6688,65.999,iid,mix
12,classical,classical,fedavg,classical,classical,0.9856,67.349,iid,mix
12,hybrid,hybrid,fedavg,classical,classical,0.95,67.349,iid,mix
12,quantum,quantum,fedavg,classical,classical,0.6737,67.349,iid,mix
13,classical,classical,fedavg,classical,classical,0.9847,67.474,iid,mix
13,hybrid,hybrid,fedavg,classical,classical,0.9519,67.474,iid,mix
13,quantum,quantum,fedavg,classical,classical,0.6781,67.474,iid,mix
14,classical,classical,fedavg,classical,classical,0.985,67.284,iid,mix
14,hybrid,hybrid,fedavg,classical,classical,0.9511,67.284,iid,mix
14,quantum,quantum,fedavg,classical,classical,0.6801,67.284,iid,mix
15,classical,classical,fedavg,classical,classical,0.9848,67.4,iid,mix
15,hybrid,hybrid,fedavg,classical,classical,0.9526,67.4,iid,mix
15,quantum,quantum,fedavg,classical,classical,0.6841,67.4,iid,mix
16,classical,classical,fedavg,classical,classical,0.987,67.36,iid,mix
16,hybrid,hybrid,fedavg,classical,classical,0.9545,67.36,iid,mix
16,quantum,quantum,fedavg,classical,classical,0.6866,67.36,iid,mix
17,classical,classical,fedavg,classical,classical,0.9864,68.143,iid,mix
17,hybrid,hybrid,fedavg,classical,classical,0.9528,68.143,iid,mix
17,quantum,quantum,fedavg,classical,classical,0.691,68.143,iid,mix
18,classical,classical,fedavg,classical,classical,0.9868,67.381,iid,mix
18,hybrid,hybrid,fedavg,classical,classical,0.9546,67.381,iid,mix
18,quantum,quantum,fedavg,classical,classical,0.6937,67.381,iid,mix
19,classical,classical,fedavg,classical,classical,0.9862,67.098,iid,mix
19,hybrid,hybrid,fedavg,classical,classical,0.9548,67.098,iid,mix
19,quantum,quantum,fedavg,classical,classical,0.6952,67.098,iid,mix
20,classical,classical,fedavg,classical,classical,0.9868,67.402,iid,mix
20,hybrid,hybrid,fedavg,classical,classical,0.9554,67.402,iid,mix
20,quantum,quantum,fedavg,classical,classical,0.6984,67.402,iid,mix
21,classical,classical,fedavg,classical,classical,0.9868,67.046,iid,mix
21,hybrid,hybrid,fedavg,classical,classical,0.955,67.046,iid,mix
21,quantum,quantum,fedavg,classical,classical,0.7007,67.046,iid,mix
22,classical,classical,fedavg,classical,classical,0.9874,67.285,iid,mix
22,hybrid,hybrid,fedavg,classical,classical,0.9555,67.285,iid,mix
22,quantum,quantum,fedavg,classical,classical,0.7018,67.285,iid,mix
23,classical,classical,fedavg,classical,classical,0.9872,67.431,iid,mix
23,hybrid,hybrid,fedavg,classical,classical,0.9564,67.431,iid,mix
23,quantum,quantum,fedavg,classical,classical,0.7039,67.431,iid,mix
24,classical,classical,fedavg,classical,classical,0.9875,66.088,iid,mix
24,hybrid,hybrid,fedavg,classical,classical,0.9558,66.088,iid,mix
24,quantum,quantum,fedavg,classical,classical,0.7055,66.088,iid,mix
25,classical,classical,fedavg,classical,classical,0.9878,65.685,iid,mix
25,hybrid,hybrid,fedavg,classical,classical,0.9569,65.685,iid,mix
25,quantum,quantum,fedavg,classical,classical,0.7071,65.685,iid,mix
26,classical,classical,fedavg,classical,classical,0.9877,65.177,iid,mix
26,hybrid,hybrid,fedavg,classical,classical,0.9567,65.177,iid,mix
26,quantum,quantum,fedavg,classical,classical,0.7084,65.177,iid,mix
27,classical,classical,fedavg,classical,classical,0.9864,67.282,iid,mix
27,hybrid,hybrid,fedavg,classical,classical,0.9572,67.282,iid,mix
27,quantum,quantum,fedavg,classical,classical,0.7085,67.282,iid,mix
28,classical,classical,fedavg,classical,classical,0.9877,66.725,iid,mix
28,hybrid,hybrid,fedavg,classical,classical,0.9575,66.725,iid,mix
28,quantum,quantum,fedavg,classical,classical,0.7104,66.725,iid,mix
29,classical,classical,fedavg,classical,classical,0.9874,66.977,iid,mix
29,hybrid,hybrid,fedavg,classical,classical,0.958,66.977,iid,mix
29,quantum,quantum,fedavg,classical,classical,0.7112,66.977,iid,mix
30,classical,classical,fedavg,classical,classical,0.9875,67.161,iid,mix
30,hybrid,hybrid,fedavg,classical,classical,0.9584,67.161,iid,mix
30,quantum,quantum,fedavg,classical,classical,0.7123,67.161,iid,mix
31,classical,classical,fedavg,classical,classical,0.9879,66.349,iid,mix
31,hybrid,hybrid,fedavg,classical,classical,0.9577,66.349,iid,mix
31,quantum,quantum,fedavg,classical,classical,0.7142,66.349,iid,mix
32,classical,classical,fedavg,classical,classical,0.9874,66.663,iid,mix
32,hybrid,hybrid,fedavg,classical,classical,0.9578,66.663,iid,mix
32,quantum,quantum,fedavg,classical,classical,0.7141,66.663,iid,mix
33,classical,classical,fedavg,classical,classical,0.9876,66.558,iid,mix
33,hybrid,hybrid,fedavg,classical,classical,0.958,66.558,iid,mix
33,quantum,quantum,fedavg,classical,classical,0.7156,66.558,iid,mix
34,classical,classical,fedavg,classical,classical,0.9874,66.822,iid,mix
34,hybrid,hybrid,fedavg,classical,classical,0.9579,66.822,iid,mix
34,quantum,quantum,fedavg,classical,classical,0.7162,66.822,iid,mix
35,classical,classical,fedavg,classical,classical,0.9878,67.353,iid,mix
35,hybrid,hybrid,fedavg,classical,classical,0.9584,67.353,iid,mix
35,quantum,quantum,fedavg,classical,classical,0.7171,67.353,iid,mix
36,classical,classical,fedavg,classical,classical,0.9879,67.48,iid,mix
36,hybrid,hybrid,fedavg,classical,classical,0.9572,67.48,iid,mix
36,quantum,quantum,fedavg,classical,classical,0.7177,67.48,iid,mix
37,classical,classical,fedavg,classical,classical,0.9881,67.365,iid,mix
37,hybrid,hybrid,fedavg,classical,classical,0.9574,67.365,iid,mix
37,quantum,quantum,fedavg,classical,classical,0.7174,67.365,iid,mix
38,classical,classical,fedavg,classical,classical,0.988,67.386,iid,mix
38,hybrid,hybrid,fedavg,classical,classical,0.9578,67.386,iid,mix
38,quantum,quantum,fedavg,classical,classical,0.7198,67.386,iid,mix
39,classical,classical,fedavg,classical,classical,0.988,67.322,iid,mix
39,hybrid,hybrid,fedavg,classical,classical,0.9572,67.322,iid,mix
39,quantum,quantum,fedavg,classical,classical,0.7219,67.322,iid,mix
40,classical,classical,fedavg,classical,classical,0.9881,67.327,iid,mix
40,hybrid,hybrid,fedavg,classical,classical,0.9577,67.327,iid,mix
40,quantum,quantum,fedavg,classical,classical,0.7206,67.327,iid,mix
41,classical,classical,fedavg,classical,classical,0.988,67.093,iid,mix
41,hybrid,hybrid,fedavg,classical,classical,0.958,67.093,iid,mix
41,quantum,quantum,fedavg,classical,classical,0.7196,67.093,iid,mix
42,classical,classical,fedavg,classical,classical,0.988,66.511,iid,mix
42,hybrid,hybrid,fedavg,classical,classical,0.9588,66.511,iid,mix
42,quantum,quantum,fedavg,classical,classical,0.7208,66.511,iid,mix
43,classical,classical,fedavg,classical,classical,0.9879,66.888,iid,mix
43,hybrid,hybrid,fedavg,classical,classical,0.9585,66.888,iid,mix
43,quantum,quantum,fedavg,classical,classical,0.721,66.888,iid,mix
44,classical,classical,fedavg,classical,classical,0.9879,66.486,iid,mix
44,hybrid,hybrid,fedavg,classical,classical,0.959,66.486,iid,mix
44,quantum,quantum,fedavg,classical,classical,0.7216,66.486,iid,mix
45,classical,classical,fedavg,classical,classical,0.9878,67.083,iid,mix
45,hybrid,hybrid,fedavg,classical,classical,0.9572,67.083,iid,mix
45,quantum,quantum,fedavg,classical,classical,0.7223,67.083,iid,mix
46,classical,classical,fedavg,classical,classical,0.9878,65.53,iid,mix
46,hybrid,hybrid,fedavg,classical,classical,0.9594,65.53,iid,mix
46,quantum,quantum,fedavg,classical,classical,0.722,65.53,iid,mix
47,classical,classical,fedavg,classical,classical,0.9878,65.199,iid,mix
47,hybrid,hybrid,fedavg,classical,classical,0.958,65.199,iid,mix
47,quantum,quantum,fedavg,classical,classical,0.7229,65.199,iid,mix
48,classical,classical,fedavg,classical,classical,0.9878,65.156,iid,mix
48,hybrid,hybrid,fedavg,classical,classical,0.9585,65.156,iid,mix
48,quantum,quantum,fedavg,classical,classical,0.7228,65.156,iid,mix
49,classical,classical,fedavg,classical,classical,0.9877,66.127,iid,mix
49,hybrid,hybrid,fedavg,classical,classical,0.9589,66.127,iid,mix
49,quantum,quantum,fedavg,classical,classical,0.723,66.127,iid,mix
50,classical,classical,fedavg,classical,classical,0.9877,66.853,iid,mix
50,hybrid,hybrid,fedavg,classical,classical,0.9588,66.853,iid,mix
50,quantum,quantum,fedavg,classical,classical,0.7238,66.853,iid,mix
51,classical,classical,fedavg,classical,classical,0.9876,66.762,iid,mix
51,hybrid,hybrid,fedavg,classical,classical,0.9582,66.762,iid,mix
51,quantum,quantum,fedavg,classical,classical,0.724,66.762,iid,mix
52,classical,classical,fedavg,classical,classical,0.9876,66.999,iid,mix
52,hybrid,hybrid,fedavg,classical,classical,0.9581,66.999,iid,mix
52,quantum,quantum,fedavg,classical,classical,0.7232,66.999,iid,mix
53,classical,classical,fedavg,classical,classical,0.9876,66.404,iid,mix
53,hybrid,hybrid,fedavg,classical,classical,0.9579,66.404,iid,mix
53,quantum,quantum,fedavg,classical,classical,0.7237,66.404,iid,mix
54,classical,classical,fedavg,classical,classical,0.9876,66.508,iid,mix
54,hybrid,hybrid,fedavg,classical,classical,0.9586,66.508,iid,mix
54,quantum,quantum,fedavg,classical,classical,0.7236,66.508,iid,mix
55,classical,classical,fedavg,classical,classical,0.9877,66.562,iid,mix
55,hybrid,hybrid,fedavg,classical,classical,0.9582,66.562,iid,mix
55,quantum,quantum,fedavg,classical,classical,0.7234,66.562,iid,mix
56,classical,classical,fedavg,classical,classical,0.9877,66.152,iid,mix
56,hybrid,hybrid,fedavg,classical,classical,0.9582,66.152,iid,mix
56,quantum,quantum,fedavg,classical,classical,0.7246,66.152,iid,mix
57,classical,classical,fedavg,classical,classical,0.9877,67.086,iid,mix
57,hybrid,hybrid,fedavg,classical,classical,0.9587,67.086,iid,mix
57,quantum,quantum,fedavg,classical,classical,0.7249,67.086,iid,mix
58,classical,classical,fedavg,classical,classical,0.9877,69.528,iid,mix
58,hybrid,hybrid,fedavg,classical,classical,0.9576,69.528,iid,mix
58,quantum,quantum,fedavg,classical,classical,0.7245,69.528,iid,mix
59,classical,classical,fedavg,classical,classical,0.9876,69.698,iid,mix
59,hybrid,hybrid,fedavg,classical,classical,0.9588,69.698,iid,mix
59,quantum,quantum,fedavg,classical,classical,0.7242,69.698,iid,mix
60,classical,classical,fedavg,classical,classical,0.9875,66.93,iid,mix
60,hybrid,hybrid,fedavg,classical,classical,0.9591,66.93,iid,mix
60,quantum,quantum,fedavg,classical,classical,0.7255,66.93,iid,mix
61,classical,classical,fedavg,classical,classical,0.9876,67.352,iid,mix
61,hybrid,hybrid,fedavg,classical,classical,0.9584,67.352,iid,mix
61,quantum,quantum,fedavg,classical,classical,0.7263,67.352,iid,mix
62,classical,classical,fedavg,classical,classical,0.9874,67.266,iid,mix
62,hybrid,hybrid,fedavg,classical,classical,0.9575,67.266,iid,mix
62,quantum,quantum,fedavg,classical,classical,0.7249,67.266,iid,mix
63,classical,classical,fedavg,classical,classical,0.9874,67.134,iid,mix
63,hybrid,hybrid,fedavg,classical,classical,0.9578,67.134,iid,mix
63,quantum,quantum,fedavg,classical,classical,0.7251,67.134,iid,mix
64,classical,classical,fedavg,classical,classical,0.9874,66.795,iid,mix
64,hybrid,hybrid,fedavg,classical,classical,0.9578,66.795,iid,mix
64,quantum,quantum,fedavg,classical,classical,0.7253,66.795,iid,mix
65,classical,classical,fedavg,classical,classical,0.9874,66.688,iid,mix
65,hybrid,hybrid,fedavg,classical,classical,0.9578,66.688,iid,mix
65,quantum,quantum,fedavg,classical,classical,0.7261,66.688,iid,mix
66,classical,classical,fedavg,classical,classical,0.9874,66.744,iid,mix
66,hybrid,hybrid,fedavg,classical,classical,0.9586,66.744,iid,mix
66,quantum,quantum,fedavg,classical,classical,0.7247,66.744,iid,mix
67,classical,classical,fedavg,classical,classical,0.9873,67.144,iid,mix
67,hybrid,hybrid,fedavg,classical,classical,0.9578,67.144,iid,mix
67,quantum,quantum,fedavg,classical,classical,0.7258,67.144,iid,mix
68,classical,classical,fedavg,classical,classical,0.9875,66.352,iid,mix
68,hybrid,hybrid,fedavg,classical,classical,0.9588,66.352,iid,mix
68,quantum,quantum,fedavg,classical,classical,0.7252,66.352,iid,mix
69,classical,classical,fedavg,classical,classical,0.9875,65.26,iid,mix
69,hybrid,hybrid,fedavg,classical,classical,0.959,65.26,iid,mix
69,quantum,quantum,fedavg,classical,classical,0.727,65.26,iid,mix
70,classical,classical,fedavg,classical,classical,0.9874,66.128,iid,mix
70,hybrid,hybrid,fedavg,classical,classical,0.958,66.128,iid,mix
70,quantum,quantum,fedavg,classical,classical,0.7265,66.128,iid,mix
71,classical,classical,fedavg,classical,classical,0.9874,66.224,iid,mix
71,hybrid,hybrid,fedavg,classical,classical,0.9578,66.224,iid,mix
71,quantum,quantum,fedavg,classical,classical,0.7276,66.224,iid,mix
72,classical,classical,fedavg,classical,classical,0.9875,66.422,iid,mix
72,hybrid,hybrid,fedavg,classical,classical,0.9585,66.422,iid,mix
72,quantum,quantum,fedavg,classical,classical,0.7273,66.422,iid,mix
73,classical,classical,fedavg,classical,classical,0.9875,66.75,iid,mix
73,hybrid,hybrid,fedavg,classical,classical,0.9582,66.75,iid,mix
73,quantum,quantum,fedavg,classical,classical,0.727,66.75,iid,mix
74,classical,classical,fedavg,classical,classical,0.9874,67.156,iid,mix
74,hybrid,hybrid,fedavg,classical,classical,0.9588,67.156,iid,mix
74,quantum,quantum,fedavg,classical,classical,0.7275,67.156,iid,mix
75,classical,classical,fedavg,classical,classical,0.9874,66.606,iid,mix
75,hybrid,hybrid,fedavg,classical,classical,0.9588,66.606,iid,mix
75,quantum,quantum,fedavg,classical,classical,0.7268,66.606,iid,mix
76,classical,classical,fedavg,classical,classical,0.9875,66.71,iid,mix
76,hybrid,hybrid,fedavg,classical,classical,0.9575,66.71,iid,mix
76,quantum,quantum,fedavg,classical,classical,0.7268,66.71,iid,mix
77,classical,classical,fedavg,classical,classical,0.9875,66.779,iid,mix
77,hybrid,hybrid,fedavg,classical,classical,0.9591,66.779,iid,mix
77,quantum,quantum,fedavg,classical,classical,0.7268,66.779,iid,mix
78,classical,classical,fedavg,classical,classical,0.9874,65.571,iid,mix
78,hybrid,hybrid,fedavg,classical,classical,0.9577,65.571,iid,mix
78,quantum,quantum,fedavg,classical,classical,0.727,65.571,iid,mix
79,classical,classical,fedavg,classical,classical,0.9872,67.875,iid,mix
79,hybrid,hybrid,fedavg,classical,classical,0.958,67.875,iid,mix
79,quantum,quantum,fedavg,classical,classical,0.7289,67.875,iid,mix
80,classical,classical,fedavg,classical,classical,0.9875,67.732,iid,mix
80,hybrid,hybrid,fedavg,classical,classical,0.9572,67.732,iid,mix
80,quantum,quantum,fedavg,classical,classical,0.7286,67.732,iid,mix
81,classical,classical,fedavg,classical,classical,0.9875,67.963,iid,mix
81,hybrid,hybrid,fedavg,classical,classical,0.9577,67.963,iid,mix
81,quantum,quantum,fedavg,classical,classical,0.728,67.963,iid,mix
82,classical,classical,fedavg,classical,classical,0.9876,67.434,iid,mix
82,hybrid,hybrid,fedavg,classical,classical,0.9578,67.434,iid,mix
82,quantum,quantum,fedavg,classical,classical,0.7285,67.434,iid,mix
83,classical,classical,fedavg,classical,classical,0.9876,67.372,iid,mix
83,hybrid,hybrid,fedavg,classical,classical,0.9581,67.372,iid,mix
83,quantum,quantum,fedavg,classical,classical,0.7292,67.372,iid,mix
84,classical,classical,fedavg,classical,classical,0.9876,67.115,iid,mix
84,hybrid,hybrid,fedavg,classical,classical,0.957,67.115,iid,mix
84,quantum,quantum,fedavg,classical,classical,0.729,67.115,iid,mix
85,classical,classical,fedavg,classical,classical,0.9877,66.879,iid,mix
85,hybrid,hybrid,fedavg,classical,classical,0.9576,66.879,iid,mix
85,quantum,quantum,fedavg,classical,classical,0.729,66.879,iid,mix
86,classical,classical,fedavg,classical,classical,0.9877,66.837,iid,mix
86,hybrid,hybrid,fedavg,classical,classical,0.9583,66.837,iid,mix
86,quantum,quantum,fedavg,classical,classical,0.7291,66.837,iid,mix
87,classical,classical,fedavg,classical,classical,0.9875,66.844,iid,mix
87,hybrid,hybrid,fedavg,classical,classical,0.9581,66.844,iid,mix
87,quantum,quantum,fedavg,classical,classical,0.7291,66.844,iid,mix
88,classical,classical,fedavg,classical,classical,0.9876,66.442,iid,mix
88,hybrid,hybrid,fedavg,classical,classical,0.9576,66.442,iid,mix
88,quantum,quantum,fedavg,classical,classical,0.7283,66.442,iid,mix
89,classical,classical,fedavg,classical,classical,0.9876,67.265,iid,mix
89,hybrid,hybrid,fedavg,classical,classical,0.9578,67.265,iid,mix
89,quantum,quantum,fedavg,classical,classical,0.7282,67.265,iid,mix
90,classical,classical,fedavg,classical,classical,0.9876,66.567,iid,mix
90,hybrid,hybrid,fedavg,classical,classical,0.9577,66.567,iid,mix
90,quantum,quantum,fedavg,classical,classical,0.7286,66.567,iid,mix
91,classical,classical,fedavg,classical,classical,0.9876,65.632,iid,mix
91,hybrid,hybrid,fedavg,classical,classical,0.9564,65.632,iid,mix
91,quantum,quantum,fedavg,classical,classical,0.7281,65.632,iid,mix
92,classical,classical,fedavg,classical,classical,0.9876,65.255,iid,mix
92,hybrid,hybrid,fedavg,classical,classical,0.9571,65.255,iid,mix
92,quantum,quantum,fedavg,classical,classical,0.728,65.255,iid,mix
93,classical,classical,fedavg,classical,classical,0.9876,65.1,iid,mix
93,hybrid,hybrid,fedavg,classical,classical,0.9579,65.1,iid,mix
93,quantum,quantum,fedavg,classical,classical,0.7267,65.1,iid,mix
94,classical,classical,fedavg,classical,classical,0.9876,66.83,iid,mix
94,hybrid,hybrid,fedavg,classical,classical,0.9588,66.83,iid,mix
94,quantum,quantum,fedavg,classical,classical,0.7285,66.83,iid,mix
95,classical,classical,fedavg,classical,classical,0.9876,66.874,iid,mix
95,hybrid,hybrid,fedavg,classical,classical,0.958,66.874,iid,mix
95,quantum,quantum,fedavg,classical,classical,0.7273,66.874,iid,mix
96,classical,classical,fedavg,classical,classical,0.9877,67.179,iid,mix
96,hybrid,hybrid,fedavg,classical,classical,0.959,67.179,iid,mix
96,quantum,quantum,fedavg,classical,classical,0.7284,67.179,iid,mix
97,classical,classical,fedavg,classical,classical,0.9876,66.499,iid,mix
97,hybrid,hybrid,fedavg,classical,classical,0.9576,66.499,iid,mix
97,quantum,quantum,fedavg,classical,classical,0.7289,66.499,iid,mix
98,classical,classical,fedavg,classical,classical,0.9876,66.691,iid,mix
98,hybrid,hybrid,fedavg,classical,classical,0.9579,66.691,iid,mix
98,quantum,quantum,fedavg,classical,classical,0.7277,66.691,iid,mix
99,classical,classical,fedavg,classical,classical,0.9875,67.082,iid,mix
99,hybrid,hybrid,fedavg,classical,classical,0.9566,67.082,iid,mix
99,quantum,quantum,fedavg,classical,classical,0.728,67.082,iid,mix
100,classical,classical,fedavg,classical,classical,0.9876,66.266,iid,mix
100,hybrid,hybrid,fedavg,classical,classical,0.957,66.266,iid,mix
100,quantum,quantum,fedavg,classical,classical,0.7293,66.266,iid,mix
1,classical,classical,fedavg,classical,quantum,0.9272,76.079,iid,mix
1,hybrid,hybrid,fedavg,classical,quantum,0.5069,76.079,iid,mix
1,quantum,quantum,fedavg,classical,quantum,0.3631,76.079,iid,mix
2,classical,classical,fedavg,classical,quantum,0.964,74.828,iid,mix
2,hybrid,hybrid,fedavg,classical,quantum,0.6608,74.828,iid,mix
2,quantum,quantum,fedavg,classical,quantum,0.5146,74.828,iid,mix
3,classical,classical,fedavg,classical,quantum,0.973,75.577,iid,mix
3,hybrid,hybrid,fedavg,classical,quantum,0.7076,75.577,iid,mix
3,quantum,quantum,fedavg,classical,quantum,0.5754,75.577,iid,mix
4,classical,classical,fedavg,classical,quantum,0.978,76.531,iid,mix
4,hybrid,hybrid,fedavg,classical,quantum,0.785,76.531,iid,mix
4,quantum,quantum,fedavg,classical,quantum,0.6111,76.531,iid,mix
5,classical,classical,fedavg,classical,quantum,0.9805,72.554,iid,mix
5,hybrid,hybrid,fedavg,classical,quantum,0.8654,72.554,iid,mix
5,quantum,quantum,fedavg,classical,quantum,0.632,72.554,iid,mix
6,classical,classical,fedavg,classical,quantum,0.9817,75.09,iid,mix
6,hybrid,hybrid,fedavg,classical,quantum,0.8966,75.09,iid,mix
6,quantum,quantum,fedavg,classical,quantum,0.648,75.09,iid,mix
7,classical,classical,fedavg,classical,quantum,0.9823,76.071,iid,mix
7,hybrid,hybrid,fedavg,classical,quantum,0.9094,76.071,iid,mix
7,quantum,quantum,fedavg,classical,quantum,0.6563,76.071,iid,mix
8,classical,classical,fedavg,classical,quantum,0.9841,75.19,iid,mix
8,hybrid,hybrid,fedavg,classical,quantum,0.9141,75.19,iid,mix
8,quantum,quantum,fedavg,classical,quantum,0.6656,75.19,iid,mix
9,classical,classical,fedavg,classical,quantum,0.9845,74.108,iid,mix
9,hybrid,hybrid,fedavg,classical,quantum,0.9199,74.108,iid,mix
9,quantum,quantum,fedavg,classical,quantum,0.672,74.108,iid,mix
10,classical,classical,fedavg,classical,quantum,0.9847,74.064,iid,mix
10,hybrid,hybrid,fedavg,classical,quantum,0.9201,74.064,iid,mix
10,quantum,quantum,fedavg,classical,quantum,0.6773,74.064,iid,mix
11,classical,classical,fedavg,classical,quantum,0.9844,74.85,iid,mix
11,hybrid,hybrid,fedavg,classical,quantum,0.9246,74.85,iid,mix
11,quantum,quantum,fedavg,classical,quantum,0.6837,74.85,iid,mix
12,classical,classical,fedavg,classical,quantum,0.9865,76.589,iid,mix
12,hybrid,hybrid,fedavg,classical,quantum,0.926,76.589,iid,mix
12,quantum,quantum,fedavg,classical,quantum,0.6871,76.589,iid,mix
13,classical,classical,fedavg,classical,quantum,0.9851,75.417,iid,mix
13,hybrid,hybrid,fedavg,classical,quantum,0.9263,75.417,iid,mix
13,quantum,quantum,fedavg,classical,quantum,0.6918,75.417,iid,mix
14,classical,classical,fedavg,classical,quantum,0.987,75.166,iid,mix
14,hybrid,hybrid,fedavg,classical,quantum,0.9303,75.166,iid,mix
14,quantum,quantum,fedavg,classical,quantum,0.695,75.166,iid,mix
15,classical,classical,fedavg,classical,quantum,0.9867,74.663,iid,mix
15,hybrid,hybrid,fedavg,classical,quantum,0.933,74.663,iid,mix
15,quantum,quantum,fedavg,classical,quantum,0.6979,74.663,iid,mix
16,classical,classical,fedavg,classical,quantum,0.9862,75.121,iid,mix
16,hybrid,hybrid,fedavg,classical,quantum,0.936,75.121,iid,mix
16,quantum,quantum,fedavg,classical,quantum,0.7008,75.121,iid,mix
17,classical,classical,fedavg,classical,quantum,0.9866,74.793,iid,mix
17,hybrid,hybrid,fedavg,classical,quantum,0.938,74.793,iid,mix
17,quantum,quantum,fedavg,classical,quantum,0.7028,74.793,iid,mix
18,classical,classical,fedavg,classical,quantum,0.9856,75.406,iid,mix
18,hybrid,hybrid,fedavg,classical,quantum,0.9426,75.406,iid,mix
18,quantum,quantum,fedavg,classical,quantum,0.7052,75.406,iid,mix
19,classical,classical,fedavg,classical,quantum,0.9864,75.037,iid,mix
19,hybrid,hybrid,fedavg,classical,quantum,0.9447,75.037,iid,mix
19,quantum,quantum,fedavg,classical,quantum,0.7059,75.037,iid,mix
20,classical,classical,fedavg,classical,quantum,0.9867,75.775,iid,mix
20,hybrid,hybrid,fedavg,classical,quantum,0.943,75.775,iid,mix
20,quantum,quantum,fedavg,classical,quantum,0.7081,75.775,iid,mix
21,classical,classical,fedavg,classical,quantum,0.9876,76.755,iid,mix
21,hybrid,hybrid,fedavg,classical,quantum,0.9507,76.755,iid,mix
21,quantum,quantum,fedavg,classical,quantum,0.7091,76.755,iid,mix
22,classical,classical,fedavg,classical,quantum,0.988,76.418,iid,mix
22,hybrid,hybrid,fedavg,classical,quantum,0.9504,76.418,iid,mix
22,quantum,quantum,fedavg,classical,quantum,0.71,76.418,iid,mix
23,classical,classical,fedavg,classical,quantum,0.9876,76.371,iid,mix
23,hybrid,hybrid,fedavg,classical,quantum,0.9527,76.371,iid,mix
23,quantum,quantum,fedavg,classical,quantum,0.7094,76.371,iid,mix
24,classical,classical,fedavg,classical,quantum,0.9878,76.106,iid,mix
24,hybrid,hybrid,fedavg,classical,quantum,0.9536,76.106,iid,mix
24,quantum,quantum,fedavg,classical,quantum,0.7112,76.106,iid,mix
25,classical,classical,fedavg,classical,quantum,0.9879,73.849,iid,mix
25,hybrid,hybrid,fedavg,classical,quantum,0.9556,73.849,iid,mix
25,quantum,quantum,fedavg,classical,quantum,0.7124,73.849,iid,mix
26,classical,classical,fedavg,classical,quantum,0.9876,77.322,iid,mix
26,hybrid,hybrid,fedavg,classical,quantum,0.9561,77.322,iid,mix
26,quantum,quantum,fedavg,classical,quantum,0.7131,77.322,iid,mix
27,classical,classical,fedavg,classical,quantum,0.9873,74.858,iid,mix
27,hybrid,hybrid,fedavg,classical,quantum,0.9565,74.858,iid,mix
27,quantum,quantum,fedavg,classical,quantum,0.7146,74.858,iid,mix
28,classical,classical,fedavg,classical,quantum,0.9877,75.701,iid,mix
28,hybrid,hybrid,fedavg,classical,quantum,0.9557,75.701,iid,mix
28,quantum,quantum,fedavg,classical,quantum,0.7149,75.701,iid,mix
29,classical,classical,fedavg,classical,quantum,0.9872,74.956,iid,mix
29,hybrid,hybrid,fedavg,classical,quantum,0.9593,74.956,iid,mix
29,quantum,quantum,fedavg,classical,quantum,0.7167,74.956,iid,mix
30,classical,classical,fedavg,classical,quantum,0.9866,73.424,iid,mix
30,hybrid,hybrid,fedavg,classical,quantum,0.9586,73.424,iid,mix
30,quantum,quantum,fedavg,classical,quantum,0.7168,73.424,iid,mix
31,classical,classical,fedavg,classical,quantum,0.9881,75.429,iid,mix
31,hybrid,hybrid,fedavg,classical,quantum,0.9592,75.429,iid,mix
31,quantum,quantum,fedavg,classical,quantum,0.7182,75.429,iid,mix
32,classical,classical,fedavg,classical,quantum,0.9884,76.26,iid,mix
32,hybrid,hybrid,fedavg,classical,quantum,0.9598,76.26,iid,mix
32,quantum,quantum,fedavg,classical,quantum,0.719,76.26,iid,mix
33,classical,classical,fedavg,classical,quantum,0.9886,74.067,iid,mix
33,hybrid,hybrid,fedavg,classical,quantum,0.9591,74.067,iid,mix
33,quantum,quantum,fedavg,classical,quantum,0.7194,74.067,iid,mix
34,classical,classical,fedavg,classical,quantum,0.9887,74.201,iid,mix
34,hybrid,hybrid,fedavg,classical,quantum,0.96,74.201,iid,mix
34,quantum,quantum,fedavg,classical,quantum,0.7205,74.201,iid,mix
35,classical,classical,fedavg,classical,quantum,0.9886,75.646,iid,mix
35,hybrid,hybrid,fedavg,classical,quantum,0.9599,75.646,iid,mix
35,quantum,quantum,fedavg,classical,quantum,0.7206,75.646,iid,mix
36,classical,classical,fedavg,classical,quantum,0.9884,75.386,iid,mix
36,hybrid,hybrid,fedavg,classical,quantum,0.9601,75.386,iid,mix
36,quantum,quantum,fedavg,classical,quantum,0.7208,75.386,iid,mix
37,classical,classical,fedavg,classical,quantum,0.9888,75.125,iid,mix
37,hybrid,hybrid,fedavg,classical,quantum,0.9607,75.125,iid,mix
37,quantum,quantum,fedavg,classical,quantum,0.7221,75.125,iid,mix
38,classical,classical,fedavg,classical,quantum,0.9885,75.627,iid,mix
38,hybrid,hybrid,fedavg,classical,quantum,0.9608,75.627,iid,mix
38,quantum,quantum,fedavg,classical,quantum,0.7218,75.627,iid,mix
39,classical,classical,fedavg,classical,quantum,0.9886,76.043,iid,mix
39,hybrid,hybrid,fedavg,classical,quantum,0.9616,76.043,iid,mix
39,quantum,quantum,fedavg,classical,quantum,0.7222,76.043,iid,mix
40,classical,classical,fedavg,classical,quantum,0.9889,74.367,iid,mix
40,hybrid,hybrid,fedavg,classical,quantum,0.9621,74.367,iid,mix
40,quantum,quantum,fedavg,classical,quantum,0.7228,74.367,iid,mix
41,classical,classical,fedavg,classical,quantum,0.9889,75.605,iid,mix
41,hybrid,hybrid,fedavg,classical,quantum,0.9606,75.605,iid,mix
41,quantum,quantum,fedavg,classical,quantum,0.7226,75.605,iid,mix
42,classical,classical,fedavg,classical,quantum,0.9882,73.681,iid,mix
42,hybrid,hybrid,fedavg,classical,quantum,0.962,73.681,iid,mix
42,quantum,quantum,fedavg,classical,quantum,0.7231,73.681,iid,mix
43,classical,classical,fedavg,classical,quantum,0.9859,73.255,iid,mix
43,hybrid,hybrid,fedavg,classical,quantum,0.9612,73.255,iid,mix
43,quantum,quantum,fedavg,classical,quantum,0.7239,73.255,iid,mix
44,classical,classical,fedavg,classical,quantum,0.988,73.145,iid,mix
44,hybrid,hybrid,fedavg,classical,quantum,0.9616,73.145,iid,mix
44,quantum,quantum,fedavg,classical,quantum,0.7224,73.145,iid,mix
45,classical,classical,fedavg,classical,quantum,0.9882,74.498,iid,mix
45,hybrid,hybrid,fedavg,classical,quantum,0.9614,74.498,iid,mix
45,quantum,quantum,fedavg,classical,quantum,0.7241,74.498,iid,mix
46,classical,classical,fedavg,classical,quantum,0.9888,73.692,iid,mix
46,hybrid,hybrid,fedavg,classical,quantum,0.9627,73.692,iid,mix
46,quantum,quantum,fedavg,classical,quantum,0.7239,73.692,iid,mix
47,classical,classical,fedavg,classical,quantum,0.9892,74.473,iid,mix
47,hybrid,hybrid,fedavg,classical,quantum,0.9632,74.473,iid,mix
47,quantum,quantum,fedavg,classical,quantum,0.7231,74.473,iid,mix
48,classical,classical,fedavg,classical,quantum,0.9892,74.978,iid,mix
48,hybrid,hybrid,fedavg,classical,quantum,0.9609,74.978,iid,mix
48,quantum,quantum,fedavg,classical,quantum,0.7235,74.978,iid,mix
49,classical,classical,fedavg,classical,quantum,0.9894,74.733,iid,mix
49,hybrid,hybrid,fedavg,classical,quantum,0.9622,74.733,iid,mix
49,quantum,quantum,fedavg,classical,quantum,0.7234,74.733,iid,mix
50,classical,classical,fedavg,classical,quantum,0.9893,74.247,iid,mix
50,hybrid,hybrid,fedavg,classical,quantum,0.9628,74.247,iid,mix
50,quantum,quantum,fedavg,classical,quantum,0.7239,74.247,iid,mix
51,classical,classical,fedavg,classical,quantum,0.9894,74.103,iid,mix
51,hybrid,hybrid,fedavg,classical,quantum,0.9628,74.103,iid,mix
51,quantum,quantum,fedavg,classical,quantum,0.7234,74.103,iid,mix
52,classical,classical,fedavg,classical,quantum,0.9894,74.272,iid,mix
52,hybrid,hybrid,fedavg,classical,quantum,0.9625,74.272,iid,mix
52,quantum,quantum,fedavg,classical,quantum,0.7239,74.272,iid,mix
53,classical,classical,fedavg,classical,quantum,0.9896,76.014,iid,mix
53,hybrid,hybrid,fedavg,classical,quantum,0.9616,76.014,iid,mix
53,quantum,quantum,fedavg,classical,quantum,0.7243,76.014,iid,mix
54,classical,classical,fedavg,classical,quantum,0.9895,74.952,iid,mix
54,hybrid,hybrid,fedavg,classical,quantum,0.9623,74.952,iid,mix
54,quantum,quantum,fedavg,classical,quantum,0.7245,74.952,iid,mix
55,classical,classical,fedavg,classical,quantum,0.9896,73.939,iid,mix
55,hybrid,hybrid,fedavg,classical,quantum,0.9616,73.939,iid,mix
55,quantum,quantum,fedavg,classical,quantum,0.7244,73.939,iid,mix
56,classical,classical,fedavg,classical,quantum,0.9894,75.579,iid,mix
56,hybrid,hybrid,fedavg,classical,quantum,0.9622,75.579,iid,mix
56,quantum,quantum,fedavg,classical,quantum,0.7253,75.579,iid,mix
57,classical,classical,fedavg,classical,quantum,0.9894,74.629,iid,mix
57,hybrid,hybrid,fedavg,classical,quantum,0.9622,74.629,iid,mix
57,quantum,quantum,fedavg,classical,quantum,0.7261,74.629,iid,mix
58,classical,classical,fedavg,classical,quantum,0.9894,73.095,iid,mix
58,hybrid,hybrid,fedavg,classical,quantum,0.9625,73.095,iid,mix
58,quantum,quantum,fedavg,classical,quantum,0.7258,73.095,iid,mix
59,classical,classical,fedavg,classical,quantum,0.9894,75.016,iid,mix
59,hybrid,hybrid,fedavg,classical,quantum,0.9624,75.016,iid,mix
59,quantum,quantum,fedavg,classical,quantum,0.7267,75.016,iid,mix
60,classical,classical,fedavg,classical,quantum,0.9894,73.524,iid,mix
60,hybrid,hybrid,fedavg,classical,quantum,0.9624,73.524,iid,mix
60,quantum,quantum,fedavg,classical,quantum,0.7256,73.524,iid,mix
61,classical,classical,fedavg,classical,quantum,0.9893,76.276,iid,mix
61,hybrid,hybrid,fedavg,classical,quantum,0.9627,76.276,iid,mix
61,quantum,quantum,fedavg,classical,quantum,0.7255,76.276,iid,mix
62,classical,classical,fedavg,classical,quantum,0.9892,75.666,iid,mix
62,hybrid,hybrid,fedavg,classical,quantum,0.9615,75.666,iid,mix
62,quantum,quantum,fedavg,classical,quantum,0.7271,75.666,iid,mix
63,classical,classical,fedavg,classical,quantum,0.9893,74.553,iid,mix
63,hybrid,hybrid,fedavg,classical,quantum,0.963,74.553,iid,mix
63,quantum,quantum,fedavg,classical,quantum,0.7258,74.553,iid,mix
64,classical,classical,fedavg,classical,quantum,0.9878,76.199,iid,mix
64,hybrid,hybrid,fedavg,classical,quantum,0.9628,76.199,iid,mix
64,quantum,quantum,fedavg,classical,quantum,0.7258,76.199,iid,mix
65,classical,classical,fedavg,classical,quantum,0.987,74.128,iid,mix
65,hybrid,hybrid,fedavg,classical,quantum,0.963,74.128,iid,mix
65,quantum,quantum,fedavg,classical,quantum,0.7271,74.128,iid,mix
66,classical,classical,fedavg,classical,quantum,0.9881,73.839,iid,mix
66,hybrid,hybrid,fedavg,classical,quantum,0.9629,73.839,iid,mix
66,quantum,quantum,fedavg,classical,quantum,0.7268,73.839,iid,mix
67,classical,classical,fedavg,classical,quantum,0.9878,75.675,iid,mix
67,hybrid,hybrid,fedavg,classical,quantum,0.9633,75.675,iid,mix
67,quantum,quantum,fedavg,classical,quantum,0.7271,75.675,iid,mix
68,classical,classical,fedavg,classical,quantum,0.988,73.16,iid,mix
68,hybrid,hybrid,fedavg,classical,quantum,0.9638,73.16,iid,mix
68,quantum,quantum,fedavg,classical,quantum,0.7262,73.16,iid,mix
69,classical,classical,fedavg,classical,quantum,0.9878,74.398,iid,mix
69,hybrid,hybrid,fedavg,classical,quantum,0.9631,74.398,iid,mix
69,quantum,quantum,fedavg,classical,quantum,0.7253,74.398,iid,mix
70,classical,classical,fedavg,classical,quantum,0.9879,74.449,iid,mix
70,hybrid,hybrid,fedavg,classical,quantum,0.964,74.449,iid,mix
70,quantum,quantum,fedavg,classical,quantum,0.7248,74.449,iid,mix
71,classical,classical,fedavg,classical,quantum,0.988,74.196,iid,mix
71,hybrid,hybrid,fedavg,classical,quantum,0.9626,74.196,iid,mix
71,quantum,quantum,fedavg,classical,quantum,0.7263,74.196,iid,mix
72,classical,classical,fedavg,classical,quantum,0.9883,74.334,iid,mix
72,hybrid,hybrid,fedavg,classical,quantum,0.9632,74.334,iid,mix
72,quantum,quantum,fedavg,classical,quantum,0.7256,74.334,iid,mix
73,classical,classical,fedavg,classical,quantum,0.9885,74.767,iid,mix
73,hybrid,hybrid,fedavg,classical,quantum,0.9634,74.767,iid,mix
73,quantum,quantum,fedavg,classical,quantum,0.7259,74.767,iid,mix
74,classical,classical,fedavg,classical,quantum,0.9885,76.368,iid,mix
74,hybrid,hybrid,fedavg,classical,quantum,0.9638,76.368,iid,mix
74,quantum,quantum,fedavg,classical,quantum,0.7262,76.368,iid,mix
75,classical,classical,fedavg,classical,quantum,0.9885,74.928,iid,mix
75,hybrid,hybrid,fedavg,classical,quantum,0.963,74.928,iid,mix
75,quantum,quantum,fedavg,classical,quantum,0.7261,74.928,iid,mix
76,classical,classical,fedavg,classical,quantum,0.9889,74.654,iid,mix
76,hybrid,hybrid,fedavg,classical,quantum,0.9635,74.654,iid,mix
76,quantum,quantum,fedavg,classical,quantum,0.725,74.654,iid,mix
77,classical,classical,fedavg,classical,quantum,0.9888,73.409,iid,mix
77,hybrid,hybrid,fedavg,classical,quantum,0.9633,73.409,iid,mix
77,quantum,quantum,fedavg,classical,quantum,0.725,73.409,iid,mix
78,classical,classical,fedavg,classical,quantum,0.9888,73.689,iid,mix
78,hybrid,hybrid,fedavg,classical,quantum,0.9644,73.689,iid,mix
78,quantum,quantum,fedavg,classical,quantum,0.7256,73.689,iid,mix
79,classical,classical,fedavg,classical,quantum,0.9888,72.549,iid,mix
79,hybrid,hybrid,fedavg,classical,quantum,0.9637,72.549,iid,mix
79,quantum,quantum,fedavg,classical,quantum,0.7245,72.549,iid,mix
80,classical,classical,fedavg,classical,quantum,0.9887,74.47,iid,mix
80,hybrid,hybrid,fedavg,classical,quantum,0.9637,74.47,iid,mix
80,quantum,quantum,fedavg,classical,quantum,0.7254,74.47,iid,mix
81,classical,classical,fedavg,classical,quantum,0.9886,74.752,iid,mix
81,hybrid,hybrid,fedavg,classical,quantum,0.9629,74.752,iid,mix
81,quantum,quantum,fedavg,classical,quantum,0.7268,74.752,iid,mix
82,classical,classical,fedavg,classical,quantum,0.9886,73.356,iid,mix
82,hybrid,hybrid,fedavg,classical,quantum,0.9639,73.356,iid,mix
82,quantum,quantum,fedavg,classical,quantum,0.7245,73.356,iid,mix
83,classical,classical,fedavg,classical,quantum,0.9885,74.654,iid,mix
83,hybrid,hybrid,fedavg,classical,quantum,0.9626,74.654,iid,mix
83,quantum,quantum,fedavg,classical,quantum,0.726,74.654,iid,mix
84,classical,classical,fedavg,classical,quantum,0.9888,74.047,iid,mix
84,hybrid,hybrid,fedavg,classical,quantum,0.9644,74.047,iid,mix
84,quantum,quantum,fedavg,classical,quantum,0.7265,74.047,iid,mix
85,classical,classical,fedavg,classical,quantum,0.9887,74.223,iid,mix
85,hybrid,hybrid,fedavg,classical,quantum,0.9626,74.223,iid,mix
85,quantum,quantum,fedavg,classical,quantum,0.7264,74.223,iid,mix
86,classical,classical,fedavg,classical,quantum,0.9887,74.885,iid,mix
86,hybrid,hybrid,fedavg,classical,quantum,0.9623,74.885,iid,mix
86,quantum,quantum,fedavg,classical,quantum,0.7255,74.885,iid,mix
87,classical,classical,fedavg,classical,quantum,0.989,75.779,iid,mix
87,hybrid,hybrid,fedavg,classical,quantum,0.9625,75.779,iid,mix
87,quantum,quantum,fedavg,classical,quantum,0.7229,75.779,iid,mix
88,classical,classical,fedavg,classical,quantum,0.9889,75.551,iid,mix
88,hybrid,hybrid,fedavg,classical,quantum,0.9626,75.551,iid,mix
88,quantum,quantum,fedavg,classical,quantum,0.7259,75.551,iid,mix
89,classical,classical,fedavg,classical,quantum,0.989,74.193,iid,mix
89,hybrid,hybrid,fedavg,classical,quantum,0.9637,74.193,iid,mix
89,quantum,quantum,fedavg,classical,quantum,0.7257,74.193,iid,mix
90,classical,classical,fedavg,classical,quantum,0.9888,73.177,iid,mix
90,hybrid,hybrid,fedavg,classical,quantum,0.9633,73.177,iid,mix
90,quantum,quantum,fedavg,classical,quantum,0.7266,73.177,iid,mix
91,classical,classical,fedavg,classical,quantum,0.989,73.317,iid,mix
91,hybrid,hybrid,fedavg,classical,quantum,0.9639,73.317,iid,mix
91,quantum,quantum,fedavg,classical,quantum,0.7272,73.317,iid,mix
92,classical,classical,fedavg,classical,quantum,0.9882,74.432,iid,mix
92,hybrid,hybrid,fedavg,classical,quantum,0.963,74.432,iid,mix
92,quantum,quantum,fedavg,classical,quantum,0.7262,74.432,iid,mix
93,classical,classical,fedavg,classical,quantum,0.9857,72.9,iid,mix
93,hybrid,hybrid,fedavg,classical,quantum,0.9632,72.9,iid,mix
93,quantum,quantum,fedavg,classical,quantum,0.7238,72.9,iid,mix
94,classical,classical,fedavg,classical,quantum,0.9869,74.211,iid,mix
94,hybrid,hybrid,fedavg,classical,quantum,0.962,74.211,iid,mix
94,quantum,quantum,fedavg,classical,quantum,0.7248,74.211,iid,mix
95,classical,classical,fedavg,classical,quantum,0.9876,73.624,iid,mix
95,hybrid,hybrid,fedavg,classical,quantum,0.9628,73.624,iid,mix
95,quantum,quantum,fedavg,classical,quantum,0.7261,73.624,iid,mix
96,classical,classical,fedavg,classical,quantum,0.9876,74.309,iid,mix
96,hybrid,hybrid,fedavg,classical,quantum,0.9628,74.309,iid,mix
96,quantum,quantum,fedavg,classical,quantum,0.7258,74.309,iid,mix
97,classical,classical,fedavg,classical,quantum,0.9874,74.292,iid,mix
97,hybrid,hybrid,fedavg,classical,quantum,0.9641,74.292,iid,mix
97,quantum,quantum,fedavg,classical,quantum,0.7269,74.292,iid,mix
98,classical,classical,fedavg,classical,quantum,0.9879,75.495,iid,mix
98,hybrid,hybrid,fedavg,classical,quantum,0.9625,75.495,iid,mix
98,quantum,quantum,fedavg,classical,quantum,0.7251,75.495,iid,mix
99,classical,classical,fedavg,classical,quantum,0.9878,74.627,iid,mix
99,hybrid,hybrid,fedavg,classical,quantum,0.9631,74.627,iid,mix
99,quantum,quantum,fedavg,classical,quantum,0.7252,74.627,iid,mix
100,classical,classical,fedavg,classical,quantum,0.9877,72.79,iid,mix
100,hybrid,hybrid,fedavg,classical,quantum,0.9618,72.79,iid,mix
100,quantum,quantum,fedavg,classical,quantum,0.7254,72.79,iid,mix
1,single,classical,fedavg,classical,classical,0.9117,37.55,iid,no-mix
2,single,classical,fedavg,classical,classical,0.9645,37.773,iid,no-mix
3,single,classical,fedavg,classical,classical,0.9741,37.888,iid,no-mix
4,single,classical,fedavg,classical,classical,0.9788,37.899,iid,no-mix
5,single,classical,fedavg,classical,classical,0.9823,38.83,iid,no-mix
6,single,classical,fedavg,classical,classical,0.9845,38.472,iid,no-mix
7,single,classical,fedavg,classical,classical,0.9854,38.39,iid,no-mix
8,single,classical,fedavg,classical,classical,0.9874,38.74,iid,no-mix
9,single,classical,fedavg,classical,classical,0.988,38.654,iid,no-mix
10,single,classical,fedavg,classical,classical,0.9884,38.238,iid,no-mix
11,single,classical,fedavg,classical,classical,0.9892,38.614,iid,no-mix
12,single,classical,fedavg,classical,classical,0.9904,39.043,iid,no-mix
13,single,classical,fedavg,classical,classical,0.9905,39.009,iid,no-mix
14,single,classical,fedavg,classical,classical,0.9905,38.807,iid,no-mix
15,single,classical,fedavg,classical,classical,0.9907,37.942,iid,no-mix
16,single,classical,fedavg,classical,classical,0.9912,38.974,iid,no-mix
17,single,classical,fedavg,classical,classical,0.9914,38.504,iid,no-mix
18,single,classical,fedavg,classical,classical,0.9909,39.144,iid,no-mix
19,single,classical,fedavg,classical,classical,0.9914,38.473,iid,no-mix
20,single,classical,fedavg,classical,classical,0.9915,38.474,iid,no-mix
21,single,classical,fedavg,classical,classical,0.9914,36.879,iid,no-mix
22,single,classical,fedavg,classical,classical,0.9918,35.791,iid,no-mix
23,single,classical,fedavg,classical,classical,0.9922,35.709,iid,no-mix
24,single,classical,fedavg,classical,classical,0.9914,35.675,iid,no-mix
25,single,classical,fedavg,classical,classical,0.9913,36.942,iid,no-mix
26,single,classical,fedavg,classical,classical,0.9915,35.867,iid,no-mix
27,single,classical,fedavg,classical,classical,0.9917,38.373,iid,no-mix
28,single,classical,fedavg,classical,classical,0.9918,38.292,iid,no-mix
29,single,classical,fedavg,classical,classical,0.9916,38.41,iid,no-mix
30,single,classical,fedavg,classical,classical,0.9919,38.501,iid,no-mix
31,single,classical,fedavg,classical,classical,0.9918,38.409,iid,no-mix
32,single,classical,fedavg,classical,classical,0.9915,38.316,iid,no-mix
33,single,classical,fedavg,classical,classical,0.9919,38.325,iid,no-mix
34,single,classical,fedavg,classical,classical,0.9913,37.971,iid,no-mix
35,single,classical,fedavg,classical,classical,0.9918,37.986,iid,no-mix
36,single,classical,fedavg,classical,classical,0.9917,38.388,iid,no-mix
37,single,classical,fedavg,classical,classical,0.9917,38.578,iid,no-mix
38,single,classical,fedavg,classical,classical,0.9921,38.418,iid,no-mix
39,single,classical,fedavg,classical,classical,0.9914,37.997,iid,no-mix
40,single,classical,fedavg,classical,classical,0.9916,38.155,iid,no-mix
41,single,classical,fedavg,classical,classical,0.992,38.454,iid,no-mix
42,single,classical,fedavg,classical,classical,0.9919,38.43,iid,no-mix
43,single,classical,fedavg,classical,classical,0.9918,38.128,iid,no-mix
44,single,classical,fedavg,classical,classical,0.9916,37.985,iid,no-mix
45,single,classical,fedavg,classical,classical,0.9913,38.373,iid,no-mix
46,single,classical,fedavg,classical,classical,0.9921,37.879,iid,no-mix
47,single,classical,fedavg,classical,classical,0.9917,38.112,iid,no-mix
48,single,classical,fedavg,classical,classical,0.9919,38.444,iid,no-mix
49,single,classical,fedavg,classical,classical,0.9921,38.283,iid,no-mix
50,single,classical,fedavg,classical,classical,0.9919,38.295,iid,no-mix
51,single,classical,fedavg,classical,classical,0.9919,38.602,iid,no-mix
52,single,classical,fedavg,classical,classical,0.9916,38.593,iid,no-mix
53,single,classical,fedavg,classical,classical,0.9915,38.439,iid,no-mix
54,single,classical,fedavg,classical,classical,0.9916,38.091,iid,no-mix
55,single,classical,fedavg,classical,classical,0.9918,38.359,iid,no-mix
56,single,classical,fedavg,classical,classical,0.9911,38.723,iid,no-mix
57,single,classical,fedavg,classical,classical,0.9911,38.631,iid,no-mix
58,single,classical,fedavg,classical,classical,0.992,38.976,iid,no-mix
59,single,classical,fedavg,classical,classical,0.9918,36.463,iid,no-mix
60,single,classical,fedavg,classical,classical,0.9919,36.24,iid,no-mix
61,single,classical,fedavg,classical,classical,0.9912,36.429,iid,no-mix
62,single,classical,fedavg,classical,classical,0.9918,36.321,iid,no-mix
63,single,classical,fedavg,classical,classical,0.9919,37.266,iid,no-mix
64,single,classical,fedavg,classical,classical,0.9921,37.445,iid,no-mix
65,single,classical,fedavg,classical,classical,0.9918,37.876,iid,no-mix
66,single,classical,fedavg,classical,classical,0.992,38.346,iid,no-mix
67,single,classical,fedavg,classical,classical,0.992,38.162,iid,no-mix
68,single,classical,fedavg,classical,classical,0.9921,38.766,iid,no-mix
69,single,classical,fedavg,classical,classical,0.9922,38.213,iid,no-mix
70,single,classical,fedavg,classical,classical,0.9922,38.517,iid,no-mix
71,single,classical,fedavg,classical,classical,0.992,38.303,iid,no-mix
72,single,classical,fedavg,classical,classical,0.992,38.058,iid,no-mix
73,single,classical,fedavg,classical,classical,0.9917,38.386,iid,no-mix
74,single,classical,fedavg,classical,classical,0.9924,38.4,iid,no-mix
75,single,classical,fedavg,classical,classical,0.9921,38.298,iid,no-mix
76,single,classical,fedavg,classical,classical,0.9921,38.81,iid,no-mix
77,single,classical,fedavg,classical,classical,0.9919,37.745,iid,no-mix
78,single,classical,fedavg,classical,classical,0.992,38.4,iid,no-mix
79,single,classical,fedavg,classical,classical,0.9921,38.225,iid,no-mix
80,single,classical,fedavg,classical,classical,0.9921,38.178,iid,no-mix
81,single,classical,fedavg,classical,classical,0.9924,37.769,iid,no-mix
82,single,classical,fedavg,classical,classical,0.992,38.014,iid,no-mix
83,single,classical,fedavg,classical,classical,0.9924,38.06,iid,no-mix
84,single,classical,fedavg,classical,classical,0.9916,37.978,iid,no-mix
85,single,classical,fedavg,classical,classical,0.992,38.668,iid,no-mix
86,single,classical,fedavg,classical,classical,0.9923,38.845,iid,no-mix
87,single,classical,fedavg,classical,classical,0.9921,38.453,iid,no-mix
88,single,classical,fedavg,classical,classical,0.9921,38.023,iid,no-mix
89,single,classical,fedavg,classical,classical,0.9922,38.462,iid,no-mix
90,single,classical,fedavg,classical,classical,0.9921,38.366,iid,no-mix
91,single,classical,fedavg,classical,classical,0.9919,38.463,iid,no-mix
92,single,classical,fedavg,classical,classical,0.9922,38.884,iid,no-mix
93,single,classical,fedavg,classical,classical,0.9921,38.393,iid,no-mix
94,single,classical,fedavg,classical,classical,0.9925,39.214,iid,no-mix
95,single,classical,fedavg,classical,classical,0.9922,38.263,iid,no-mix
96,single,classical,fedavg,classical,classical,0.9924,39.235,iid,no-mix
97,single,classical,fedavg,classical,classical,0.9922,36.364,iid,no-mix
98,single,classical,fedavg,classical,classical,0.9921,36.257,iid,no-mix
99,single,classical,fedavg,classical,classical,0.9919,36.627,iid,no-mix
100,single,classical,fedavg,classical,classical,0.9917,36.362,iid,no-mix
1,single,classical,fedavg,classical,quantum,0.9278,44.561,iid,no-mix
2,single,classical,fedavg,classical,quantum,0.965,44.382,iid,no-mix
3,single,classical,fedavg,classical,quantum,0.9747,44.116,iid,no-mix
4,single,classical,fedavg,classical,quantum,0.9788,44.522,iid,no-mix
5,single,classical,fedavg,classical,quantum,0.9815,44.482,iid,no-mix
6,single,classical,fedavg,classical,quantum,0.9828,44.59,iid,no-mix
7,single,classical,fedavg,classical,quantum,0.9842,44.007,iid,no-mix
8,single,classical,fedavg,classical,quantum,0.9861,43.68,iid,no-mix
9,single,classical,fedavg,classical,quantum,0.9871,44.069,iid,no-mix
10,single,classical,fedavg,classical,quantum,0.9877,44.888,iid,no-mix
11,single,classical,fedavg,classical,quantum,0.9893,44.971,iid,no-mix
12,single,classical,fedavg,classical,quantum,0.9886,44.532,iid,no-mix
13,single,classical,fedavg,classical,quantum,0.9895,44.738,iid,no-mix
14,single,classical,fedavg,classical,quantum,0.9899,44.297,iid,no-mix
15,single,classical,fedavg,classical,quantum,0.9902,44.188,iid,no-mix
16,single,classical,fedavg,classical,quantum,0.9899,44.618,iid,no-mix
17,single,classical,fedavg,classical,quantum,0.9909,44.547,iid,no-mix
18,single,classical,fedavg,classical,quantum,0.9907,44.496,iid,no-mix
19,single,classical,fedavg,classical,quantum,0.9904,44.272,iid,no-mix
20,single,classical,fedavg,classical,quantum,0.9904,44.617,iid,no-mix
21,single,classical,fedavg,classical,quantum,0.9907,44.509,iid,no-mix
22,single,classical,fedavg,classical,quantum,0.9904,44.514,iid,no-mix
23,single,classical,fedavg,classical,quantum,0.9907,44.67,iid,no-mix
24,single,classical,fedavg,classical,quantum,0.9906,44.579,iid,no-mix
25,single,classical,fedavg,classical,quantum,0.9908,42.692,iid,no-mix
26,single,classical,fedavg,classical,quantum,0.9904,42.496,iid,no-mix
27,single,classical,fedavg,classical,quantum,0.991,42.113,iid,no-mix
28,single,classical,fedavg,classical,quantum,0.9905,56.684,iid,no-mix
29,single,classical,fedavg,classical,quantum,0.9909,42.724,iid,no-mix
30,single,classical,fedavg,classical,quantum,0.9906,35.464,iid,no-mix
31,single,classical,fedavg,classical,quantum,0.9906,40.634,iid,no-mix
32,single,classical,fedavg,classical,quantum,0.9908,42.476,iid,no-mix
33,single,classical,fedavg,classical,quantum,0.9911,52.598,iid,no-mix
34,single,classical,fedavg,classical,quantum,0.9905,63.716,iid,no-mix
35,single,classical,fedavg,classical,quantum,0.9912,60.747,iid,no-mix
36,single,classical,fedavg,classical,quantum,0.9908,57.448,iid,no-mix
37,single,classical,fedavg,classical,quantum,0.9914,40.424,iid,no-mix
38,single,classical,fedavg,classical,quantum,0.9909,44.669,iid,no-mix
39,single,classical,fedavg,classical,quantum,0.9911,43.123,iid,no-mix
40,single,classical,fedavg,classical,quantum,0.9908,52.249,iid,no-mix
41,single,classical,fedavg,classical,quantum,0.9913,44.24,iid,no-mix
42,single,classical,fedavg,classical,quantum,0.991,45.537,iid,no-mix
43,single,classical,fedavg,classical,quantum,0.9917,50.376,iid,no-mix
44,single,classical,fedavg,classical,quantum,0.9914,44.111,iid,no-mix
45,single,classical,fedavg,classical,quantum,0.9917,47.333,iid,no-mix
46,single,classical,fedavg,classical,quantum,0.9914,37.776,iid,no-mix
47,single,classical,fedavg,classical,quantum,0.9912,41.116,iid,no-mix
48,single,classical,fedavg,classical,quantum,0.9909,79.713,iid,no-mix
49,single,classical,fedavg,classical,quantum,0.991,43.61,iid,no-mix
50,single,classical,fedavg,classical,quantum,0.9911,46.817,iid,no-mix
51,single,classical,fedavg,classical,quantum,0.9913,43.521,iid,no-mix
52,single,classical,fedavg,classical,quantum,0.9914,42.703,iid,no-mix
53,single,classical,fedavg,classical,quantum,0.9917,42.873,iid,no-mix
54,single,classical,fedavg,classical,quantum,0.992,42.567,iid,no-mix
55,single,classical,fedavg,classical,quantum,0.9911,52.227,iid,no-mix
56,single,classical,fedavg,classical,quantum,0.9912,78.483,iid,no-mix
57,single,classical,fedavg,classical,quantum,0.9916,78.902,iid,no-mix
58,single,classical,fedavg,classical,quantum,0.9919,81.318,iid,no-mix
59,single,classical,fedavg,classical,quantum,0.9917,82.64,iid,no-mix
60,single,classical,fedavg,classical,quantum,0.9919,83.109,iid,no-mix
61,single,classical,fedavg,classical,quantum,0.9919,79.582,iid,no-mix
62,single,classical,fedavg,classical,quantum,0.9919,79.982,iid,no-mix
63,single,classical,fedavg,classical,quantum,0.9916,72.98,iid,no-mix
64,single,classical,fedavg,classical,quantum,0.9911,42.979,iid,no-mix
65,single,classical,fedavg,classical,quantum,0.9912,41.768,iid,no-mix
66,single,classical,fedavg,classical,quantum,0.9914,43.23,iid,no-mix
67,single,classical,fedavg,classical,quantum,0.9918,43.531,iid,no-mix
68,single,classical,fedavg,classical,quantum,0.9915,43.97,iid,no-mix
69,single,classical,fedavg,classical,quantum,0.9916,44.486,iid,no-mix
70,single,classical,fedavg,classical,quantum,0.9917,42.402,iid,no-mix
71,single,classical,fedavg,classical,quantum,0.9914,74.452,iid,no-mix
72,single,classical,fedavg,classical,quantum,0.9916,81.497,iid,no-mix
73,single,classical,fedavg,classical,quantum,0.9917,80.816,iid,no-mix
74,single,classical,fedavg,classical,quantum,0.9919,74.106,iid,no-mix
75,single,classical,fedavg,classical,quantum,0.9918,42.814,iid,no-mix
76,single,classical,fedavg,classical,quantum,0.9915,45.6,iid,no-mix
77,single,classical,fedavg,classical,quantum,0.9921,43.509,iid,no-mix
1,single,hybrid,fedavg,classical,classical,0.5247,85.357,iid,no-mix
2,single,hybrid,fedavg,classical,classical,0.8284,89.038,iid,no-mix
3,single,hybrid,fedavg,classical,classical,0.9063,89.381,iid,no-mix
4,single,hybrid,fedavg,classical,classical,0.923,88.823,iid,no-mix
5,single,hybrid,fedavg,classical,classical,0.9302,89.098,iid,no-mix
6,single,hybrid,fedavg,classical,classical,0.9368,89.375,iid,no-mix
7,single,hybrid,fedavg,classical,classical,0.9399,93.742,iid,no-mix
8,single,hybrid,fedavg,classical,classical,0.9425,93.589,iid,no-mix
9,single,hybrid,fedavg,classical,classical,0.9453,94.142,iid,no-mix
10,single,hybrid,fedavg,classical,classical,0.9477,94.353,iid,no-mix
11,single,hybrid,fedavg,classical,classical,0.9495,91.733,iid,no-mix
12,single,hybrid,fedavg,classical,classical,0.951,91.256,iid,no-mix
13,single,hybrid,fedavg,classical,classical,0.952,90.462,iid,no-mix
14,single,hybrid,fedavg,classical,classical,0.9526,91.03,iid,no-mix
15,single,hybrid,fedavg,classical,classical,0.9542,89.068,iid,no-mix
16,single,hybrid,fedavg,classical,classical,0.955,85.414,iid,no-mix
17,single,hybrid,fedavg,classical,classical,0.9557,84.146,iid,no-mix
18,single,hybrid,fedavg,classical,classical,0.9571,88.731,iid,no-mix
19,single,hybrid,fedavg,classical,classical,0.9577,88.977,iid,no-mix
20,single,hybrid,fedavg,classical,classical,0.9594,89.372,iid,no-mix
21,single,hybrid,fedavg,classical,classical,0.9593,88.698,iid,no-mix
22,single,hybrid,fedavg,classical,classical,0.9599,89.421,iid,no-mix
23,single,hybrid,fedavg,classical,classical,0.9593,91.321,iid,no-mix
24,single,hybrid,fedavg,classical,classical,0.9601,94.305,iid,no-mix
25,single,hybrid,fedavg,classical,classical,0.9606,94.457,iid,no-mix
26,single,hybrid,fedavg,classical,classical,0.9604,94.968,iid,no-mix
27,single,hybrid,fedavg,classical,classical,0.9618,92.954,iid,no-mix
28,single,hybrid,fedavg,classical,classical,0.9626,90.008,iid,no-mix
29,single,hybrid,fedavg,classical,classical,0.9616,89.556,iid,no-mix
30,single,hybrid,fedavg,classical,classical,0.963,90.09,iid,no-mix
31,single,hybrid,fedavg,classical,classical,0.9621,90.445,iid,no-mix
32,single,hybrid,fedavg,classical,classical,0.9631,85.887,iid,no-mix
33,single,hybrid,fedavg,classical,classical,0.9637,84.297,iid,no-mix
34,single,hybrid,fedavg,classical,classical,0.9641,85.67,iid,no-mix
35,single,hybrid,fedavg,classical,classical,0.9646,89.169,iid,no-mix
36,single,hybrid,fedavg,classical,classical,0.964,88.704,iid,no-mix
37,single,hybrid,fedavg,classical,classical,0.965,89.043,iid,no-mix
38,single,hybrid,fedavg,classical,classical,0.9654,89.038,iid,no-mix
39,single,hybrid,fedavg,classical,classical,0.9666,88.539,iid,no-mix
40,single,hybrid,fedavg,classical,classical,0.9666,93.901,iid,no-mix
41,single,hybrid,fedavg,classical,classical,0.9661,94.06,iid,no-mix
42,single,hybrid,fedavg,classical,classical,0.9667,94.472,iid,no-mix
43,single,hybrid,fedavg,classical,classical,0.9672,94.188,iid,no-mix
44,single,hybrid,fedavg,classical,classical,0.9672,90.882,iid,no-mix
45,single,hybrid,fedavg,classical,classical,0.9674,90.559,iid,no-mix
46,single,hybrid,fedavg,classical,classical,0.9675,91.055,iid,no-mix
47,single,hybrid,fedavg,classical,classical,0.9681,90.494,iid,no-mix
48,single,hybrid,fedavg,classical,classical,0.9682,88.608,iid,no-mix
49,single,hybrid,fedavg,classical,classical,0.9676,84.879,iid,no-mix
50,single,hybrid,fedavg,classical,classical,0.9687,84.149,iid,no-mix
51,single,hybrid,fedavg,classical,classical,0.9688,88.009,iid,no-mix
52,single,hybrid,fedavg,classical,classical,0.9688,88.994,iid,no-mix
53,single,hybrid,fedavg,classical,classical,0.9686,88.654,iid,no-mix
54,single,hybrid,fedavg,classical,classical,0.9692,88.309,iid,no-mix
55,single,hybrid,fedavg,classical,classical,0.969,89.506,iid,no-mix
56,single,hybrid,fedavg,classical,classical,0.9699,91.267,iid,no-mix
57,single,hybrid,fedavg,classical,classical,0.9699,94.691,iid,no-mix
58,single,hybrid,fedavg,classical,classical,0.9705,94.799,iid,no-mix
59,single,hybrid,fedavg,classical,classical,0.9707,94.342,iid,no-mix
60,single,hybrid,fedavg,classical,classical,0.9712,92.21,iid,no-mix
61,single,hybrid,fedavg,classical,classical,0.9707,91.312,iid,no-mix
62,single,hybrid,fedavg,classical,classical,0.9712,91.279,iid,no-mix
63,single,hybrid,fedavg,classical,classical,0.9717,91.142,iid,no-mix
64,single,hybrid,fedavg,classical,classical,0.9714,91.42,iid,no-mix
65,single,hybrid,fedavg,classical,classical,0.9715,84.92,iid,no-mix
66,single,hybrid,fedavg,classical,classical,0.9718,84.383,iid,no-mix
67,single,hybrid,fedavg,classical,classical,0.9723,86.818,iid,no-mix
68,single,hybrid,fedavg,classical,classical,0.9725,88.493,iid,no-mix
69,single,hybrid,fedavg,classical,classical,0.9727,88.651,iid,no-mix
70,single,hybrid,fedavg,classical,classical,0.9729,88.385,iid,no-mix
71,single,hybrid,fedavg,classical,classical,0.9729,88.869,iid,no-mix
72,single,hybrid,fedavg,classical,classical,0.9734,88.561,iid,no-mix
73,single,hybrid,fedavg,classical,classical,0.9732,93.745,iid,no-mix
74,single,hybrid,fedavg,classical,classical,0.9735,94.551,iid,no-mix
75,single,hybrid,fedavg,classical,classical,0.9731,94.445,iid,no-mix
76,single,hybrid,fedavg,classical,classical,0.9734,94.047,iid,no-mix
77,single,hybrid,fedavg,classical,classical,0.9738,90.827,iid,no-mix
78,single,hybrid,fedavg,classical,classical,0.9734,91.023,iid,no-mix
79,single,hybrid,fedavg,classical,classical,0.9739,90.706,iid,no-mix
80,single,hybrid,fedavg,classical,classical,0.9746,90.675,iid,no-mix
81,single,hybrid,fedavg,classical,classical,0.9746,88.868,iid,no-mix
82,single,hybrid,fedavg,classical,classical,0.9741,84.688,iid,no-mix
83,single,hybrid,fedavg,classical,classical,0.9748,84.701,iid,no-mix
84,single,hybrid,fedavg,classical,classical,0.9737,87.924,iid,no-mix
85,single,hybrid,fedavg,classical,classical,0.9744,89.811,iid,no-mix
86,single,hybrid,fedavg,classical,classical,0.975,89.891,iid,no-mix
87,single,hybrid,fedavg,classical,classical,0.9749,89.611,iid,no-mix
88,single,hybrid,fedavg,classical,classical,0.9753,89.299,iid,no-mix
89,single,hybrid,fedavg,classical,classical,0.9753,92.159,iid,no-mix
90,single,hybrid,fedavg,classical,classical,0.9754,94.471,iid,no-mix
91,single,hybrid,fedavg,classical,classical,0.9757,94.117,iid,no-mix
92,single,hybrid,fedavg,classical,classical,0.9755,94.189,iid,no-mix
93,single,hybrid,fedavg,classical,classical,0.9763,91.433,iid,no-mix
94,single,hybrid,fedavg,classical,classical,0.9755,91.018,iid,no-mix
95,single,hybrid,fedavg,classical,classical,0.9757,90.745,iid,no-mix
96,single,hybrid,fedavg,classical,classical,0.976,90.685,iid,no-mix
97,single,hybrid,fedavg,classical,classical,0.9758,90.176,iid,no-mix
98,single,hybrid,fedavg,classical,classical,0.9756,84.499,iid,no-mix
99,single,hybrid,fedavg,classical,classical,0.9759,83.775,iid,no-mix
100,single,hybrid,fedavg,classical,classical,0.9758,86.406,iid,no-mix
1,single,quantum,fedavg,classical,classical,0.3884,65.975,iid,no-mix
2,single,quantum,fedavg,classical,classical,0.5089,66.617,iid,no-mix
3,single,quantum,fedavg,classical,classical,0.5669,66.671,iid,no-mix
4,single,quantum,fedavg,classical,classical,0.5894,66.318,iid,no-mix
5,single,quantum,fedavg,classical,classical,0.6229,66.505,iid,no-mix
6,single,quantum,fedavg,classical,classical,0.6452,66.265,iid,no-mix
7,single,quantum,fedavg,classical,classical,0.6587,65.93,iid,no-mix
8,single,quantum,fedavg,classical,classical,0.6691,64.175,iid,no-mix
9,single,quantum,fedavg,classical,classical,0.6767,63.586,iid,no-mix
10,single,quantum,fedavg,classical,classical,0.6849,63.956,iid,no-mix
11,single,quantum,fedavg,classical,classical,0.6898,64.182,iid,no-mix
12,single,quantum,fedavg,classical,classical,0.692,64.65,iid,no-mix
13,single,quantum,fedavg,classical,classical,0.695,65.225,iid,no-mix
14,single,quantum,fedavg,classical,classical,0.6972,65.894,iid,no-mix
15,single,quantum,fedavg,classical,classical,0.6995,65.897,iid,no-mix
16,single,quantum,fedavg,classical,classical,0.702,65.806,iid,no-mix
17,single,quantum,fedavg,classical,classical,0.7034,65.902,iid,no-mix
18,single,quantum,fedavg,classical,classical,0.7055,65.838,iid,no-mix
19,single,quantum,fedavg,classical,classical,0.7064,67.566,iid,no-mix
20,single,quantum,fedavg,classical,classical,0.708,68.14,iid,no-mix
21,single,quantum,fedavg,classical,classical,0.7074,68.26,iid,no-mix
22,single,quantum,fedavg,classical,classical,0.7075,67.854,iid,no-mix
23,single,quantum,fedavg,classical,classical,0.7078,66.32,iid,no-mix
24,single,quantum,fedavg,classical,classical,0.7083,66.558,iid,no-mix
25,single,quantum,fedavg,classical,classical,0.7092,66.616,iid,no-mix
26,single,quantum,fedavg,classical,classical,0.7095,66.303,iid,no-mix
27,single,quantum,fedavg,classical,classical,0.7105,66.415,iid,no-mix
28,single,quantum,fedavg,classical,classical,0.7113,66.469,iid,no-mix
29,single,quantum,fedavg,classical,classical,0.7127,66.418,iid,no-mix
30,single,quantum,fedavg,classical,classical,0.7132,64.466,iid,no-mix
31,single,quantum,fedavg,classical,classical,0.713,63.629,iid,no-mix
32,single,quantum,fedavg,classical,classical,0.7136,63.727,iid,no-mix
33,single,quantum,fedavg,classical,classical,0.7146,64.428,iid,no-mix
34,single,quantum,fedavg,classical,classical,0.7148,64.461,iid,no-mix
35,single,quantum,fedavg,classical,classical,0.7155,64.584,iid,no-mix
36,single,quantum,fedavg,classical,classical,0.7157,66.099,iid,no-mix
37,single,quantum,fedavg,classical,classical,0.7157,66.272,iid,no-mix
38,single,quantum,fedavg,classical,classical,0.7166,65.863,iid,no-mix
39,single,quantum,fedavg,classical,classical,0.7168,66.085,iid,no-mix
40,single,quantum,fedavg,classical,classical,0.7167,66.082,iid,no-mix
41,single,quantum,fedavg,classical,classical,0.717,66.781,iid,no-mix
42,single,quantum,fedavg,classical,classical,0.7179,68.38,iid,no-mix
43,single,quantum,fedavg,classical,classical,0.7178,68.52,iid,no-mix
44,single,quantum,fedavg,classical,classical,0.718,68.435,iid,no-mix
45,single,quantum,fedavg,classical,classical,0.7182,66.245,iid,no-mix
46,single,quantum,fedavg,classical,classical,0.7189,66.807,iid,no-mix
47,single,quantum,fedavg,classical,classical,0.7189,66.791,iid,no-mix
48,single,quantum,fedavg,classical,classical,0.7197,66.276,iid,no-mix
49,single,quantum,fedavg,classical,classical,0.7198,66.361,iid,no-mix
50,single,quantum,fedavg,classical,classical,0.7209,66.207,iid,no-mix
51,single,quantum,fedavg,classical,classical,0.7206,66.783,iid,no-mix
52,single,quantum,fedavg,classical,classical,0.7206,65.071,iid,no-mix
53,single,quantum,fedavg,classical,classical,0.7207,63.939,iid,no-mix
54,single,quantum,fedavg,classical,classical,0.7211,64.196,iid,no-mix
55,single,quantum,fedavg,classical,classical,0.7212,64.501,iid,no-mix
56,single,quantum,fedavg,classical,classical,0.7207,64.745,iid,no-mix
57,single,quantum,fedavg,classical,classical,0.7212,64.104,iid,no-mix
58,single,quantum,fedavg,classical,classical,0.7218,63.449,iid,no-mix
59,single,quantum,fedavg,classical,classical,0.7222,63.731,iid,no-mix
60,single,quantum,fedavg,classical,classical,0.7218,64.117,iid,no-mix
61,single,quantum,fedavg,classical,classical,0.7222,64.131,iid,no-mix
62,single,quantum,fedavg,classical,classical,0.7224,63.217,iid,no-mix
63,single,quantum,fedavg,classical,classical,0.722,63.494,iid,no-mix
64,single,quantum,fedavg,classical,classical,0.723,63.708,iid,no-mix
65,single,quantum,fedavg,classical,classical,0.7226,63.634,iid,no-mix
66,single,quantum,fedavg,classical,classical,0.7228,63.523,iid,no-mix
67,single,quantum,fedavg,classical,classical,0.7227,63.79,iid,no-mix
68,single,quantum,fedavg,classical,classical,0.7238,63.445,iid,no-mix
69,single,quantum,fedavg,classical,classical,0.7243,63.752,iid,no-mix
70,single,quantum,fedavg,classical,classical,0.7236,63.589,iid,no-mix
71,single,quantum,fedavg,classical,classical,0.7251,63.631,iid,no-mix
72,single,quantum,fedavg,classical,classical,0.7252,63.179,iid,no-mix
73,single,quantum,fedavg,classical,classical,0.7241,63.765,iid,no-mix
74,single,quantum,fedavg,classical,classical,0.7246,63.467,iid,no-mix
75,single,quantum,fedavg,classical,classical,0.7251,63.542,iid,no-mix
76,single,quantum,fedavg,classical,classical,0.7259,63.66,iid,no-mix
77,single,quantum,fedavg,classical,classical,0.7254,63.827,iid,no-mix
78,single,quantum,fedavg,classical,classical,0.7263,63.737,iid,no-mix
79,single,quantum,fedavg,classical,classical,0.7256,64.251,iid,no-mix
80,single,quantum,fedavg,classical,classical,0.7259,63.786,iid,no-mix
81,single,quantum,fedavg,classical,classical,0.7269,63.985,iid,no-mix
82,single,quantum,fedavg,classical,classical,0.7263,63.945,iid,no-mix
83,single,quantum,fedavg,classical,classical,0.7264,63.601,iid,no-mix
84,single,quantum,fedavg,classical,classical,0.7267,63.441,iid,no-mix
85,single,quantum,fedavg,classical,classical,0.7263,63.236,iid,no-mix
86,single,quantum,fedavg,classical,classical,0.7261,63.571,iid,no-mix
87,single,quantum,fedavg,classical,classical,0.7269,63.595,iid,no-mix
88,single,quantum,fedavg,classical,classical,0.7274,63.466,iid,no-mix
89,single,quantum,fedavg,classical,classical,0.7268,63.866,iid,no-mix
90,single,quantum,fedavg,classical,classical,0.7265,63.888,iid,no-mix
91,single,quantum,fedavg,classical,classical,0.7264,64.085,iid,no-mix
92,single,quantum,fedavg,classical,classical,0.7275,64.142,iid,no-mix
93,single,quantum,fedavg,classical,classical,0.7274,64.217,iid,no-mix
94,single,quantum,fedavg,classical,classical,0.728,63.697,iid,no-mix
95,single,quantum,fedavg,classical,classical,0.7271,65.889,iid,no-mix
96,single,quantum,fedavg,classical,classical,0.728,67.173,iid,no-mix
97,single,quantum,fedavg,classical,classical,0.7277,66.094,iid,no-mix
98,single,quantum,fedavg,classical,classical,0.7273,65.606,iid,no-mix
99,single,quantum,fedavg,classical,classical,0.7275,63.603,iid,no-mix
100,single,quantum,fedavg,classical,classical,0.7281,63.405,iid,no-mix
